rosbagTimestamp,header,seq,stamp,secs,nsecs,frame_id,pose,position,x,y,z,orientation,x,y,z,w
1651014517523688843,,1,,1651014517,505314398,"""atracsys""",,,0.406007019043,0.0192618465424,1.08190869141,,-0.0596742390702,-0.298771042991,0.475600261407,0.825214663231
1651014517555499664,,2,,1651014517,547073159,"""atracsys""",,,0.406010559082,0.0192464599609,1.0819296875,,-0.0597108785587,-0.298889445281,0.475555600228,0.825194874907
1651014517589353026,,3,,1651014517,576944722,"""atracsys""",,,0.406013885498,0.019258600235,1.08193505859,,-0.0597728338527,-0.298919196779,0.475556248008,0.825179239384
1651014517622116380,,4,,1651014517,606772419,"""atracsys""",,,0.406018859863,0.019253988266,1.08192712402,,-0.0597307321758,-0.29890244484,0.475558550992,0.82518702891
1651014517656569940,,5,,1651014517,636696010,"""atracsys""",,,0.406022186279,0.0192460346222,1.08193713379,,-0.0596590960096,-0.298844651586,0.475576674068,0.825202698471
1651014517688406495,,6,,1651014517,678512880,"""atracsys""",,,0.406017089844,0.0192485103607,1.08193737793,,-0.0597656212319,-0.298838042363,0.475570557553,0.825200908715
1651014517723500616,,7,,1651014517,708351710,"""atracsys""",,,0.406015289307,0.0192464599609,1.08194311523,,-0.059798696936,-0.29892521573,0.47555631928,0.825175144099
1651014517757520866,,8,,1651014517,738168853,"""atracsys""",,,0.406015075684,0.0192633533478,1.08193200684,,-0.0597885798059,-0.298865552066,0.475581499994,0.825182976301
1651014517791528056,,9,,1651014517,776987172,"""atracsys""",,,0.406010742187,0.0192463645935,1.08192443848,,-0.0597759542935,-0.298820109014,0.475582666993,0.825199675589
1651014517824753137,,10,,1651014517,806803486,"""atracsys""",,,0.406009979248,0.0192581214905,1.08193249512,,-0.0597164391172,-0.298851639123,0.475575278447,0.825196824535
1651014517857266476,,11,,1651014517,836639052,"""atracsys""",,,0.406009460449,0.0192519779205,1.0819185791,,-0.0597815674598,-0.29879457084,0.475596660168,0.825200451687
1651014517890642079,,12,,1651014517,878448530,"""atracsys""",,,0.406005889893,0.0192493572235,1.08192504883,,-0.0597729346624,-0.29884589769,0.475581146321,0.825191431717
1651014517922638281,,13,,1651014517,908334764,"""atracsys""",,,0.406009643555,0.0192552165985,1.08193884277,,-0.0596860756579,-0.298806947744,0.47560176274,0.825199941609
1651014517957763883,,14,,1651014517,950141082,"""atracsys""",,,0.406008758545,0.0192340869904,1.08194592285,,-0.059643642959,-0.298856246048,0.475577802331,0.8251989663
1651014517990459927,,15,,1651014517,979966679,"""atracsys""",,,0.4060078125,0.0192453346252,1.0819552002,,-0.0596609567166,-0.298855814839,0.475580603506,0.825196256505
1651014518025310098,,16,,1651014518,9874420,"""atracsys""",,,0.406011108398,0.0192441654205,1.08194445801,,-0.0595840816924,-0.298831972348,0.475585918607,0.825207382138
1651014518059206419,,17,,1651014518,39653796,"""atracsys""",,,0.406013702393,0.0192356338501,1.08193945312,,-0.0596661764786,-0.298847595513,0.475586641558,0.825195375903
1651014518089835293,,18,,1651014518,78478288,"""atracsys""",,,0.406009033203,0.0192400588989,1.08194396973,,-0.0596083907759,-0.298916224796,0.47554510644,0.825198631873
1651014518122753108,,19,,1651014518,108317559,"""atracsys""",,,0.406007904053,0.0192326450348,1.08192687988,,-0.0595518821376,-0.298900223564,0.475564485541,0.825197339901
1651014518157722728,,20,,1651014518,141136950,"""atracsys""",,,0.406006622314,0.0192619342804,1.0819230957,,-0.0596698125737,-0.298917160715,0.475557439137,0.825186746488
1651014518190483772,,21,,1651014518,179993442,"""atracsys""",,,0.406001281738,0.019233007431,1.08192468262,,-0.0596427224148,-0.298904780885,0.475544059477,0.825200899856
1651014518223918691,,22,,1651014518,209826626,"""atracsys""",,,0.406001739502,0.0192466449738,1.08193249512,,-0.0596454479256,-0.298922707191,0.475534603396,0.825199658653
1651014518256455525,,23,,1651014518,239652192,"""atracsys""",,,0.406004364014,0.0192564048767,1.08192651367,,-0.0595625528807,-0.298832329483,0.475562246032,0.825222449585
1651014518290501037,,24,,1651014518,281458130,"""atracsys""",,,0.406003082275,0.0192346801758,1.08194995117,,-0.0595665876211,-0.29885431848,0.475561343868,0.8252147152
1651014518324206048,,25,,1651014518,311357864,"""atracsys""",,,0.406007141113,0.0192523155212,1.08196008301,,-0.0595399858444,-0.298844423351,0.475552695406,0.82522520236
1651014518358671970,,26,,1651014518,341177783,"""atracsys""",,,0.406011749268,0.0192328453064,1.08195959473,,-0.0595387607403,-0.298914361072,0.475538057608,0.825208395789
1651014518393864864,,27,,1651014518,379962931,"""atracsys""",,,0.406010986328,0.0192582111359,1.08197241211,,-0.0596408076435,-0.298906464988,0.47554127547,0.825202032582
1651014518423413923,,28,,1651014518,412861422,"""atracsys""",,,0.406011138916,0.0192462692261,1.0819744873,,-0.0596479814625,-0.298853140993,0.475568930779,0.825204890014
1651014518459419438,,29,,1651014518,442680556,"""atracsys""",,,0.406011016846,0.0192345542908,1.0819753418,,-0.0596641191586,-0.298859550522,0.475576723146,0.825196911257
1651014518490810303,,30,,1651014518,481501134,"""atracsys""",,,0.406005859375,0.0192606830597,1.08195861816,,-0.0597453374448,-0.298931895922,0.475559227391,0.825174913274
1651014518522885362,,31,,1651014518,511297177,"""atracsys""",,,0.406003051758,0.0192392482758,1.08195336914,,-0.0598038909421,-0.298891128773,0.475577050353,0.825175167432
1651014518558115830,,32,,1651014518,541189022,"""atracsys""",,,0.406003265381,0.0192605934143,1.0819486084,,-0.0597949749121,-0.298959263092,0.475551125523,0.825166072376
1651014518591249171,,33,,1651014518,571003069,"""atracsys""",,,0.406003265381,0.0192564620972,1.08193762207,,-0.059681577769,-0.298920069087,0.475550711771,0.825188719086
1651014518624993876,,34,,1651014518,612809960,"""atracsys""",,,0.406000732422,0.0192389278412,1.0819486084,,-0.0596803203756,-0.29882158387,0.475584660042,0.825204914859
1651014518658177693,,35,,1651014518,642672688,"""atracsys""",,,0.4060027771,0.0192626113892,1.08195153809,,-0.0596864828713,-0.29881079594,0.475572155847,0.825215581879
1651014518691544487,,36,,1651014518,672478694,"""atracsys""",,,0.406003936768,0.0192396202087,1.08194519043,,-0.0597325430691,-0.298783728292,0.47560686553,0.825202045845
1651014518724346749,,37,,1651014518,714292556,"""atracsys""",,,0.406001586914,0.0192581138611,1.08194555664,,-0.0596572495519,-0.298723257884,0.475619346132,0.82522219151
1651014518760198315,,38,,1651014518,744134391,"""atracsys""",,,0.406004272461,0.0192528839111,1.08193017578,,-0.0596113230456,-0.298686924665,0.475632033011,0.825231349606
1651014518794706518,,39,,1651014518,782928162,"""atracsys""",,,0.406003204346,0.019254781723,1.08194348145,,-0.0595884448272,-0.298717024933,0.475615348384,0.825231722996
1651014518827722563,,40,,1651014518,812822707,"""atracsys""",,,0.406003723145,0.0192672691345,1.08194897461,,-0.0596859769929,-0.29869621922,0.475634409774,0.825221219439
1651014518862808075,,41,,1651014518,842746580,"""atracsys""",,,0.406004974365,0.0192495822906,1.08194067383,,-0.0596990283905,-0.298726455357,0.475620194576,0.825217523681
1651014518891885189,,42,,1651014518,875475098,"""atracsys""",,,0.406003112793,0.0192635822296,1.08194152832,,-0.0596242796018,-0.298616886236,0.47565120068,0.825244712694
1651014518925166431,,43,,1651014518,914262614,"""atracsys""",,,0.405997894287,0.0192501487732,1.08196276855,,-0.0596992878171,-0.298707370151,0.475630668621,0.825218376625
1651014518957866637,,44,,1651014518,944136082,"""atracsys""",,,0.405999481201,0.0192484111786,1.08197253418,,-0.0597014205257,-0.298781119551,0.475599279422,0.825209614826
1651014518991130351,,45,,1651014518,973971510,"""atracsys""",,,0.406001281738,0.0192649383545,1.08196972656,,-0.0596642379615,-0.298820102467,0.475578099167,0.825210395392
1651014519024931933,,46,,1651014519,3888479,"""atracsys""",,,0.406003356934,0.0192475681305,1.08196984863,,-0.0596603618214,-0.298770187814,0.475599595113,0.825216360253
1651014519060216312,,47,,1651014519,45629652,"""atracsys""",,,0.406002655029,0.0192598819733,1.08196765137,,-0.0597683282553,-0.29876903693,0.475597533186,0.825210152589
1651014519093484316,,48,,1651014519,75484420,"""atracsys""",,,0.406005065918,0.0192550563812,1.08195483398,,-0.059605818947,-0.298808642876,0.475577526438,0.825219096748
1651014519125195052,,49,,1651014519,117271058,"""atracsys""",,,0.406007293701,0.0192537250519,1.08193798828,,-0.059691398832,-0.298871526604,0.475565068837,0.82519731749
1651014519158396707,,50,,1651014519,147164127,"""atracsys""",,,0.406009368896,0.01926603508,1.08193603516,,-0.0596851281076,-0.298862193372,0.475553733233,0.825207683958
1651014519193773084,,51,,1651014519,177024289,"""atracsys""",,,0.406011474609,0.0192569999695,1.08193737793,,-0.0597803866002,-0.29889084999,0.475554855341,0.825189762862
1651014519225319447,,52,,1651014519,215783244,"""atracsys""",,,0.40600692749,0.0192732257843,1.08193237305,,-0.0596960525113,-0.298938161207,0.475524665329,0.825196128052
1651014519260778820,,53,,1651014519,245647801,"""atracsys""",,,0.406004486084,0.0192498722076,1.08193688965,,-0.0597460000074,-0.298955498378,0.475523715414,0.825186779797
1651014519296876324,,54,,1651014519,275505071,"""atracsys""",,,0.406001708984,0.0192517185211,1.0819440918,,-0.0597117443607,-0.298869504323,0.475545586017,0.825207805701
1651014519327555387,,55,,1651014519,308333934,"""atracsys""",,,0.405998474121,0.0192703361511,1.08194372559,,-0.0596702532419,-0.298880298085,0.475538067006,0.825211230609
1651014519364889066,,56,,1651014519,356066799,"""atracsys""",,,0.405993255615,0.0192430667877,1.08194702148,,-0.0597371997715,-0.298864024383,0.475557818645,0.825200898581
1651014519395948631,,57,,1651014519,376969906,"""atracsys""",,,0.405994842529,0.0192603912354,1.08194689941,,-0.059753461862,-0.298865764739,0.475566169215,0.825194278434
1651014519427913099,,58,,1651014519,406837698,"""atracsys""",,,0.405998565674,0.0192633972168,1.0819510498,,-0.0597428052767,-0.298953092211,0.475534439198,0.825181703028
1651014519464220011,,59,,1651014519,448701743,"""atracsys""",,,0.40599911499,0.0192522144318,1.08195471191,,-0.0597741099044,-0.298896435344,0.475545482862,0.825193595742
1651014519495368441,,60,,1651014519,478570283,"""atracsys""",,,0.406001861572,0.0192671661377,1.08194519043,,-0.0596997395399,-0.29887843019,0.475566253821,0.825193530811
1651014519530330407,,61,,1651014519,517263906,"""atracsys""",,,0.405997772217,0.0192384929657,1.08196008301,,-0.0597878514498,-0.298822883772,0.475591704136,0.825192600494
1651014519560567851,,62,,1651014519,547183304,"""atracsys""",,,0.405998382568,0.0192660732269,1.08196191406,,-0.0598752839078,-0.298850136922,0.475580314652,0.825182955686
1651014519594593526,,63,,1651014519,576978693,"""atracsys""",,,0.406002319336,0.0192546443939,1.08195556641,,-0.0597786939461,-0.298860229944,0.47556489711,0.825195188634
1651014519627342749,,64,,1651014519,609803441,"""atracsys""",,,0.405998535156,0.019234161377,1.08194763184,,-0.0598333635353,-0.298888883748,0.475577274761,0.825173714748
1651014519660097089,,65,,1651014519,648692618,"""atracsys""",,,0.405991546631,0.0192544364929,1.08195715332,,-0.0597892169543,-0.298935294988,0.475554006891,0.825173512345
1651014519696451928,,66,,1651014519,678484470,"""atracsys""",,,0.405991119385,0.0192371387482,1.08195275879,,-0.0596995456882,-0.298850120152,0.475578777482,0.825196580421
1651014519726931748,,67,,1651014519,708343338,"""atracsys""",,,0.405996704102,0.0192500724792,1.08194311523,,-0.0597511112986,-0.298839565455,0.475578539873,0.825196807574
1651014519760351220,,68,,1651014519,750339622,"""atracsys""",,,0.405992492676,0.0192411613464,1.08194824219,,-0.0597379180365,-0.298912012427,0.475540880479,0.825193226444
1651014519795072156,,69,,1651014519,780042341,"""atracsys""",,,0.405994232178,0.0192421512604,1.08195080566,,-0.0597944597923,-0.298866194712,0.475579081418,0.825183711396
1651014519827380233,,70,,1651014519,809789960,"""atracsys""",,,0.405997802734,0.0192629070282,1.08195495605,,-0.0598457911084,-0.298915827418,0.4755530095,0.825177038314
1651014519861373233,,71,,1651014519,848694387,"""atracsys""",,,0.4059972229,0.0192340526581,1.08194641113,,-0.0597953316303,-0.298865375789,0.475579266713,0.825183838028
1651014519893840115,,72,,1651014519,881538188,"""atracsys""",,,0.405997009277,0.0192565078735,1.08194934082,,-0.0597510079654,-0.298892884263,0.475554817392,0.825191175692
1651014519929149934,,73,,1651014519,911317190,"""atracsys""",,,0.405997802734,0.0192464199066,1.08195251465,,-0.0598549541569,-0.298870128202,0.475581743779,0.825176366552
1651014519960134429,,74,,1651014519,941198961,"""atracsys""",,,0.406000732422,0.0192421226501,1.08195361328,,-0.0598005486356,-0.298788462253,0.475598810462,0.825200048894
1651014519993698203,,75,,1651014519,979971587,"""atracsys""",,,0.405996826172,0.019253162384,1.08194787598,,-0.0597487813048,-0.29881169447,0.47558193649,0.825205111512
1651014520027108872,,76,,1651014520,9806589,"""atracsys""",,,0.405993225098,0.0192387943268,1.08194250488,,-0.0597717596154,-0.298732242797,0.475619027224,0.825210836579
1651014520064367554,,77,,1651014520,51783304,"""atracsys""",,,0.405988433838,0.0192587928772,1.08193945312,,-0.059812874488,-0.298755817739,0.475614899702,0.825201701764
1651014520098798788,,78,,1651014520,81541907,"""atracsys""",,,0.405991027832,0.0192436313629,1.08192053223,,-0.0596942632213,-0.29887988393,0.475555720065,0.825199471058
1651014520129314228,,79,,1651014520,111352685,"""atracsys""",,,0.405996856689,0.0192387504578,1.08191845703,,-0.0597491264175,-0.298810960098,0.47559118332,0.825200023247
1651014520164042333,,80,,1651014520,141175553,"""atracsys""",,,0.406000152588,0.0192582454681,1.0819206543,,-0.0597998218068,-0.298757590191,0.475606309649,0.825206956973
1651014520194738555,,81,,1651014520,183000386,"""atracsys""",,,0.406000640869,0.0192267036438,1.08192053223,,-0.059844100213,-0.298822790227,0.475573408326,0.825199101432
1651014520228640030,,82,,1651014520,212855240,"""atracsys""",,,0.40600592041,0.0192517127991,1.08191027832,,-0.0599022127881,-0.298797634409,0.475597302047,0.82519022344
1651014520260678926,,83,,1651014520,242656851,"""atracsys""",,,0.406003662109,0.0192243785858,1.0819107666,,-0.059855614453,-0.298810720579,0.475584143985,0.825196449748
1651014520294141091,,84,,1651014520,281563417,"""atracsys""",,,0.4059949646,0.0192270069122,1.08191540527,,-0.0598829550886,-0.298870871483,0.475569588563,0.825181071222
1651014520326165853,,85,,1651014520,311348334,"""atracsys""",,,0.405990112305,0.0192487926483,1.08190222168,,-0.0598017685876,-0.298863874535,0.475568177699,0.825190306131
1651014520360054024,,86,,1651014520,344195009,"""atracsys""",,,0.405984771729,0.0192306728363,1.08189526367,,-0.0598291213238,-0.298782861968,0.475610098504,0.825193499633
1651014520393561110,,87,,1651014520,383002762,"""atracsys""",,,0.405976867676,0.0192520465851,1.08190673828,,-0.0597963811026,-0.298776076698,0.47559921717,0.825204600949
1651014520426403164,,88,,1651014520,412827357,"""atracsys""",,,0.405977416992,0.019229511261,1.08191271973,,-0.0597879323784,-0.298864812095,0.475569662728,0.825190113323
1651014520460341335,,89,,1651014520,442769811,"""atracsys""",,,0.405985961914,0.0192547206879,1.08190197754,,-0.0597315405826,-0.298874343369,0.475573419473,0.825188580039
1651014520493092382,,90,,1651014520,472523496,"""atracsys""",,,0.405994384766,0.0192592544556,1.08190344238,,-0.059776079353,-0.29883404681,0.47558930934,0.825190791057
1651014520525995595,,91,,1651014520,514316609,"""atracsys""",,,0.406004241943,0.0192371902466,1.08190002441,,-0.0598388599942,-0.298904976864,0.475561322518,0.825176680576
1651014520558126203,,92,,1651014520,544238542,"""atracsys""",,,0.406015289307,0.0192698841095,1.08189453125,,-0.0598665895774,-0.2989002108,0.475563151376,0.825175341663
1651014520593190573,,93,,1651014520,582973909,"""atracsys""",,,0.406019927979,0.0192379684448,1.08188085938,,-0.059694605753,-0.298853127611,0.4755683797,0.825201841
1651014520625543683,,94,,1651014520,615768338,"""atracsys""",,,0.40602230835,0.0192604408264,1.08188452148,,-0.0596992729654,-0.298885837564,0.475554585882,0.825197605885
1651014520659325004,,95,,1651014520,645668512,"""atracsys""",,,0.406016082764,0.0192468128204,1.08189538574,,-0.059905254771,-0.298848771926,0.47557111383,0.825186577484
1651014520691354416,,96,,1651014520,675507661,"""atracsys""",,,0.406009613037,0.0192377281189,1.08189294434,,-0.0598212480967,-0.298832959386,0.475575399984,0.825195928002
1651014520726972484,,97,,1651014520,714319618,"""atracsys""",,,0.405997406006,0.0192663021088,1.08189245605,,-0.0598201149091,-0.298782650909,0.475604099437,0.825197686598
1651014520760050163,,98,,1651014520,744304570,"""atracsys""",,,0.405990325928,0.0192335205078,1.0818927002,,-0.0599133606678,-0.298811435643,0.475593525,0.825186593517
1651014520794224620,,99,,1651014520,776996705,"""atracsys""",,,0.405982879639,0.01925274086,1.08190148926,,-0.0599550442042,-0.298854511532,0.475587538018,0.825171416915
1651014520828188545,,100,,1651014520,815807567,"""atracsys""",,,0.405983886719,0.0192534942627,1.08189111328,,-0.0598989471048,-0.29885255856,0.47557146266,0.82518546296
1651014520861117768,,101,,1651014520,845664003,"""atracsys""",,,0.405991027832,0.0192462806702,1.08190014648,,-0.0599031573353,-0.298754525617,0.475617263722,0.825194258108
1651014520893786909,,102,,1651014520,875553582,"""atracsys""",,,0.405998168945,0.0192604694366,1.08190332031,,-0.0598515294572,-0.298733608058,0.47560805876,0.825210882309
1651014520926106329,,103,,1651014520,917334749,"""atracsys""",,,0.406004455566,0.0192415924072,1.08190722656,,-0.0598563898374,-0.298800956793,0.47558452729,0.825199708082
1651014520961135112,,104,,1651014520,947180601,"""atracsys""",,,0.406012695313,0.0192706432343,1.08190075684,,-0.0598438371877,-0.298745626879,0.47559932518,0.825212122705
1651014520994178744,,105,,1651014520,977041115,"""atracsys""",,,0.406018768311,0.0192700366974,1.08190441895,,-0.0598908181633,-0.298758305161,0.475602048726,0.825202554677
1651014521027521838,,106,,1651014521,15807784,"""atracsys""",,,0.40601260376,0.0192590332031,1.08191516113,,-0.059879451072,-0.298724803542,0.475607598098,0.825212309481
1651014521064132478,,107,,1651014521,48696214,"""atracsys""",,,0.406006256104,0.019269952774,1.08192919922,,-0.0598664526486,-0.298659349614,0.475634004479,0.825221724459
1651014521094993528,,108,,1651014521,78522344,"""atracsys""",,,0.406001739502,0.0192579727173,1.08191101074,,-0.0599462987972,-0.298693274408,0.475622102473,0.825210509339
1651014521128337987,,109,,1651014521,108357699,"""atracsys""",,,0.405999420166,0.0192724151611,1.08191479492,,-0.059912986391,-0.298672476824,0.475638492814,0.825211009259
1651014521160429887,,110,,1651014521,147215176,"""atracsys""",,,0.405988861084,0.0192589702606,1.0819095459,,-0.0599765033594,-0.298740090699,0.475619369144,0.825192942862
1651014521192357579,,111,,1651014521,177051579,"""atracsys""",,,0.405988372803,0.0192530212402,1.08189978027,,-0.0598225425129,-0.298656349189,0.47564216766,0.825221289619
1651014521227193548,,112,,1651014521,218792288,"""atracsys""",,,0.40599118042,0.0192615642548,1.0819107666,,-0.0598488983791,-0.298740542543,0.475601119418,0.8252125622
1651014521258914693,,113,,1651014521,248646226,"""atracsys""",,,0.405999267578,0.0192442455292,1.08190881348,,-0.0599233629622,-0.298735716748,0.47560643792,0.825205839969
1651014521293828431,,114,,1651014521,278513159,"""atracsys""",,,0.406006439209,0.0192542743683,1.08191687012,,-0.0599834478195,-0.298730502812,0.47560923989,0.825201747216
1651014521326654928,,115,,1651014521,308353187,"""atracsys""",,,0.406014282227,0.0192614002228,1.0819017334,,-0.0600385100739,-0.298804318063,0.475593479279,0.825180101118
1651014521359416341,,116,,1651014521,350254066,"""atracsys""",,,0.406013977051,0.0192518024445,1.08189892578,,-0.0598786951885,-0.298762136437,0.475594033767,0.825206666683
1651014521391217833,,117,,1651014521,380007152,"""atracsys""",,,0.40601550293,0.01926379776,1.08189929199,,-0.0599048436904,-0.298726677433,0.475613652538,0.825206298698
1651014521434452155,,118,,1651014521,409862379,"""atracsys""",,,0.406010681152,0.0192449321747,1.08190576172,,-0.0599117239939,-0.298821660902,0.475581313925,0.825190047291
1651014521467570353,,119,,1651014521,448668846,"""atracsys""",,,0.406001373291,0.0192618865967,1.08189123535,,-0.0598925386114,-0.298866045156,0.475573567763,0.825179830411
1651014521500961373,,120,,1651014521,478530927,"""atracsys""",,,0.406000518799,0.0192641792297,1.0818972168,,-0.0598667741014,-0.298802136689,0.475581018483,0.825200549762
1651014521530131506,,121,,1651014521,511304473,"""atracsys""",,,0.405994934082,0.0192476444244,1.08188598633,,-0.0599012001468,-0.29879777965,0.47559071644,0.825194039928
1651014521563011324,,122,,1651014521,550200671,"""atracsys""",,,0.40599130249,0.0192624073029,1.08188305664,,-0.0599059230056,-0.29879390733,0.475589016028,0.825196079223
1651014521595361447,,123,,1651014521,579983008,"""atracsys""",,,0.405993347168,0.0192514476776,1.08188378906,,-0.0598743632542,-0.298821522059,0.475583981196,0.825191272015
1651014521630246089,,124,,1651014521,609855122,"""atracsys""",,,0.40600112915,0.0192731533051,1.08188012695,,-0.0598406676446,-0.298776860673,0.475590486709,0.825206138474
1651014521663116252,,125,,1651014521,651749925,"""atracsys""",,,0.406005462646,0.0192623214722,1.08188916016,,-0.0599681582256,-0.298760920099,0.475591550375,0.825202041825
1651014521696495617,,126,,1651014521,681527197,"""atracsys""",,,0.406010742187,0.019246931076,1.08187658691,,-0.0598337883462,-0.298785439264,0.475575688526,0.825212059739
1651014521728918170,,127,,1651014521,711300399,"""atracsys""",,,0.406013366699,0.019282541275,1.08187438965,,-0.0599047485314,-0.298743538428,0.475600168154,0.825207973424
1651014521762610646,,128,,1651014521,753104731,"""atracsys""",,,0.40600869751,0.0192390289307,1.08187890625,,-0.0599453514172,-0.298778645176,0.475600855011,0.825191918734
1651014521795192289,,129,,1651014521,782939017,"""atracsys""",,,0.406006561279,0.0192697811127,1.08187915039,,-0.059904584762,-0.298815359929,0.475583112613,0.825191810667
1651014521827818987,,130,,1651014521,812800455,"""atracsys""",,,0.406003936768,0.0192643470764,1.08187023926,,-0.0599185057768,-0.298766509741,0.475605094634,0.825195818749
1651014521861237365,,131,,1651014521,842683564,"""atracsys""",,,0.405998779297,0.0192419948578,1.08186779785,,-0.0598340713268,-0.298744621406,0.475604940346,0.825209958622
1651014521893145392,,132,,1651014521,881505790,"""atracsys""",,,0.405991119385,0.0192736988068,1.08187109375,,-0.0599211063832,-0.298771314487,0.475609626837,0.825191278134
1651014521928092444,,133,,1651014521,911322897,"""atracsys""",,,0.40599420166,0.0192429161072,1.08186315918,,-0.0598992075583,-0.298785923965,0.475609923464,0.825187407367
1651014521962648748,,134,,1651014521,944248252,"""atracsys""",,,0.405995025635,0.0192569446564,1.08186218262,,-0.0599184399516,-0.298806342412,0.475585718967,0.825192567952
1651014521996585198,,135,,1651014521,982943884,"""atracsys""",,,0.405997589111,0.0192605705261,1.08186999512,,-0.0598353534562,-0.298783534728,0.475599230023,0.825199068258
1651014522031779060,,136,,1651014522,12835394,"""atracsys""",,,0.40600567627,0.0192383651733,1.08187670898,,-0.0598318865937,-0.298804875426,0.47558615816,0.825199126232
1651014522065647377,,137,,1651014522,42847981,"""atracsys""",,,0.406010986328,0.019265750885,1.08186791992,,-0.0598410170764,-0.298834240726,0.475580548237,0.825191063563
1651014522097732194,,138,,1651014522,84429784,"""atracsys""",,,0.406011260986,0.019221818924,1.08188049316,,-0.0597590367928,-0.298728318317,0.475603808948,0.825221949703
1651014522128495200,,139,,1651014522,114297434,"""atracsys""",,,0.4060105896,0.0192582416534,1.08188574219,,-0.0598731945938,-0.298753374481,0.475606425949,0.825203095851
1651014522161153754,,140,,1651014522,144180147,"""atracsys""",,,0.406007446289,0.0192690372467,1.08189074707,,-0.0598295839472,-0.29871067152,0.47563134794,0.825207353616
1651014522194015866,,141,,1651014522,182952165,"""atracsys""",,,0.405998199463,0.0192318382263,1.0818815918,,-0.0597531466507,-0.298664139856,0.475635378686,0.825227410822
1651014522227649993,,142,,1651014522,215769255,"""atracsys""",,,0.405993041992,0.0192712669373,1.08188037109,,-0.0598450844614,-0.298685535757,0.475620300605,0.825221695211
1651014522262218363,,143,,1651014522,245661192,"""atracsys""",,,0.405988800049,0.0192411499023,1.08188562012,,-0.0598248797833,-0.298757104695,0.475605356288,0.825205865965
1651014522294809691,,144,,1651014522,284494927,"""atracsys""",,,0.405987792969,0.0192570724487,1.08189294434,,-0.0598228216707,-0.298640381727,0.475656039883,0.825219052211
1651014522328113954,,145,,1651014522,314345482,"""atracsys""",,,0.405990753174,0.0192614135742,1.08189147949,,-0.0598892090219,-0.298704084153,0.475622903785,0.825210279958
1651014522362152920,,146,,1651014522,344235319,"""atracsys""",,,0.405997772217,0.0192305145264,1.08189648438,,-0.059865727534,-0.298714016329,0.475611977958,0.825214685726
1651014522394698108,,147,,1651014522,386041796,"""atracsys""",,,0.406018798828,0.0192671089172,1.08188220215,,-0.0599493435714,-0.298741830801,0.475606151063,0.825201904873
1651014522427135535,,148,,1651014522,415803379,"""atracsys""",,,0.406036071777,0.0192164840698,1.08186547852,,-0.0598928981843,-0.298796593415,0.475571916305,0.825205906991
1651014522463416643,,149,,1651014522,445665258,"""atracsys""",,,0.406048370361,0.0192340927124,1.08186877441,,-0.0599323279087,-0.298867365595,0.47555677208,0.825186142869
1651014522495571492,,150,,1651014522,484463446,"""atracsys""",,,0.406046234131,0.0192301006317,1.08188659668,,-0.0598922295196,-0.298840680691,0.475569645822,0.825191299263
1651014522528708473,,151,,1651014522,517313082,"""atracsys""",,,0.406036621094,0.0192049655914,1.08189196777,,-0.0599027439022,-0.298907502631,0.47554196077,0.825182288765
1651014522561733224,,152,,1651014522,547183511,"""atracsys""",,,0.406020996094,0.0192393321991,1.08190100098,,-0.0599079442705,-0.298805251145,0.475571804751,0.825201744198
1651014522595548221,,153,,1651014522,577011981,"""atracsys""",,,0.40599609375,0.0192102012634,1.08188598633,,-0.0598754245542,-0.298848413139,0.475576539632,0.825185745424
1651014522628196100,,154,,1651014522,615817674,"""atracsys""",,,0.405967041016,0.0192382354736,1.08188903809,,-0.0598689037324,-0.29888075565,0.475581180719,0.825171829871
1651014522667095761,,155,,1651014522,645667171,"""atracsys""",,,0.40596081543,0.0192517795563,1.0818939209,,-0.0598691829918,-0.298820087053,0.475603352161,0.825181003123
1651014522699617483,,156,,1651014522,687500143,"""atracsys""",,,0.405964416504,0.0192258090973,1.08189038086,,-0.0598354526551,-0.298931710831,0.475558250715,0.825169013622
1651014522728696472,,157,,1651014522,717311588,"""atracsys""",,,0.405972747803,0.0192652492523,1.08190380859,,-0.0599042710949,-0.29889712241,0.475555874341,0.825177919542
1651014522770568974,,158,,1651014522,747194551,"""atracsys""",,,0.405986358643,0.0192438564301,1.08190075684,,-0.0598991419216,-0.298896956423,0.475567741198,0.825171512941
1651014522798419371,,159,,1651014522,777043132,"""atracsys""",,,0.406003387451,0.0192551898956,1.08188916016,,-0.0598530316044,-0.298914626586,0.475554480072,0.825176100662
1651014522830940067,,160,,1651014522,818791130,"""atracsys""",,,0.406018707275,0.0192652130127,1.08188659668,,-0.0598920302399,-0.298873957751,0.475560510189,0.825184526782
1651014522862010464,,161,,1651014522,848745634,"""atracsys""",,,0.406023590088,0.0192419586182,1.08190039062,,-0.0598317795122,-0.29882905261,0.475567990672,0.825200849324
1651014522895270844,,162,,1651014522,878501468,"""atracsys""",,,0.406024688721,0.0192766151428,1.0819152832,,-0.0597520339349,-0.298808423702,0.475577919481,0.825208375422
1651014522928948844,,163,,1651014522,917288830,"""atracsys""",,,0.406014709473,0.0192420597076,1.0819185791,,-0.0598228123016,-0.298800603616,0.475588019619,0.82520025812
1651014522961103569,,164,,1651014522,947194183,"""atracsys""",,,0.40600302124,0.0192490215302,1.0819206543,,-0.0597961642454,-0.298812948972,0.475579310121,0.825202738757
1651014522996037387,,165,,1651014522,980032019,"""atracsys""",,,0.405984710693,0.0192584209442,1.08191552734,,-0.0598344119424,-0.298781033573,0.475605069731,0.825196676418
1651014523030781935,,166,,1651014523,18800729,"""atracsys""",,,0.40596472168,0.0192331542969,1.08191345215,,-0.0597898232958,-0.298753678133,0.475626167177,0.825197652644
1651014523066661556,,167,,1651014523,48728440,"""atracsys""",,,0.40596295166,0.0192512340546,1.08189892578,,-0.0597716710563,-0.29871984068,0.475635205643,0.82520600778
1651014523097496527,,168,,1651014523,78538733,"""atracsys""",,,0.405967010498,0.0192288208008,1.08191674805,,-0.059721344224,-0.298763721319,0.475606915644,0.82521007123
1651014523130294030,,169,,1651014523,120279811,"""atracsys""",,,0.405975402832,0.0192270889282,1.08192211914,,-0.0597330872732,-0.298687858867,0.475634275517,0.825220914182
1651014523164181544,,170,,1651014523,150249689,"""atracsys""",,,0.405985839844,0.0192350349426,1.0819263916,,-0.059769140801,-0.298727938993,0.475611998777,0.825216635128
1651014523194919738,,171,,1651014523,179973906,"""atracsys""",,,0.405998199463,0.0192212352753,1.08192248535,,-0.0597379443821,-0.298674490765,0.475634159469,0.825225467926
1651014523228652188,,172,,1651014523,218781532,"""atracsys""",,,0.40600894165,0.0192338790894,1.0819276123,,-0.0597754536391,-0.298651370138,0.475640703453,0.825227347751
1651014523259951851,,173,,1651014523,251667332,"""atracsys""",,,0.406011260986,0.0192247467041,1.0819284668,,-0.0596909824465,-0.298703028234,0.475611710468,0.82523147565
1651014523294652667,,174,,1651014523,281502251,"""atracsys""",,,0.406011260986,0.0192299365997,1.08193664551,,-0.059677134887,-0.298693163459,0.475627950269,0.825226688006
1651014523327941538,,175,,1651014523,311321111,"""atracsys""",,,0.406004699707,0.0192425613403,1.0819387207,,-0.0596639070831,-0.298682950181,0.475630260235,0.825230009762
1651014523362468334,,176,,1651014523,350204138,"""atracsys""",,,0.405975250244,0.019234910965,1.08195361328,,-0.0598130110624,-0.298780995814,0.475621472831,0.825188787388
1651014523395003604,,177,,1651014523,379974966,"""atracsys""",,,0.405950469971,0.019250005722,1.08194592285,,-0.0597076783996,-0.298808008091,0.47560916131,0.825193730659
1651014523430121296,,178,,1651014523,412802842,"""atracsys""",,,0.40592401123,0.0192531909943,1.0819473877,,-0.059777474834,-0.2988357191,0.475605407481,0.825180806168
1651014523464193220,,179,,1651014523,451706074,"""atracsys""",,,0.405896820068,0.0192504329681,1.0819588623,,-0.0596745495534,-0.298734365083,0.475629282069,0.825211193146
1651014523497191600,,180,,1651014523,481534721,"""atracsys""",,,0.405891479492,0.0192496089935,1.08196240234,,-0.0597818367453,-0.29881954941,0.47559331995,0.825193312445
1651014523532135134,,181,,1651014523,511326819,"""atracsys""",,,0.405900177002,0.0192636489868,1.0819576416,,-0.0598442647638,-0.298813996157,0.475598733863,0.825187678061
1651014523564176182,,182,,1651014523,553181358,"""atracsys""",,,0.405927520752,0.0192696456909,1.08193273926,,-0.059717545533,-0.298820648843,0.475590618489,0.825199126385
1651014523597608462,,183,,1651014523,582999151,"""atracsys""",,,0.405961700439,0.0192794837952,1.08191894531,,-0.0596837172693,-0.298719792568,0.475615398843,0.8252238071
1651014523630159707,,184,,1651014523,612805621,"""atracsys""",,,0.405995758057,0.0192855892181,1.08190637207,,-0.0597298621785,-0.298744124633,0.475599500074,0.825220823229
1651014523662393237,,185,,1651014523,651731745,"""atracsys""",,,0.40603503418,0.0192770252228,1.08190014648,,-0.0597917268047,-0.298838474906,0.475557798887,0.825206213767
1651014523697017974,,186,,1651014523,681551192,"""atracsys""",,,0.406057647705,0.0192902755737,1.08190319824,,-0.0598808779298,-0.298863051978,0.475569363081,0.825184183997
1651014523728859822,,187,,1651014523,714310254,"""atracsys""",,,0.406063354492,0.0192713127136,1.0819095459,,-0.0597783015143,-0.298903294679,0.475527828041,0.825200981493
1651014523761432371,,188,,1651014523,744194458,"""atracsys""",,,0.406054534912,0.0192665729523,1.08191687012,,-0.0597852841567,-0.298896183071,0.47554262276,0.825194525844
1651014523796567293,,189,,1651014523,783006342,"""atracsys""",,,0.406023773193,0.0192588996887,1.08191503906,,-0.0597419149248,-0.298822009858,0.475577095775,0.825204663099
1651014523830009950,,190,,1651014523,812811247,"""atracsys""",,,0.405999664307,0.0192382450104,1.08193005371,,-0.0597259192218,-0.29879481795,0.475595505569,0.825205057196
1651014523864456712,,191,,1651014523,854647362,"""atracsys""",,,0.405966156006,0.0192406330109,1.08194482422,,-0.0597796370366,-0.298790696398,0.475609512411,0.825194587019
1651014523901443098,,192,,1651014523,884496709,"""atracsys""",,,0.40595211792,0.0192250232697,1.08194604492,,-0.0597172715334,-0.298766761146,0.475612425007,0.825206090073
1651014523939138270,,193,,1651014523,914313453,"""atracsys""",,,0.405950531006,0.019236164093,1.08192822266,,-0.0597321250222,-0.298833794287,0.475586962147,0.825195418109
1651014523971077195,,194,,1651014523,953125519,"""atracsys""",,,0.405955841064,0.0192485370636,1.08191003418,,-0.0597768647913,-0.298871814293,0.475576539566,0.825184415795
1651014524001741422,,195,,1651014523,986004938,"""atracsys""",,,0.405972808838,0.0192492618561,1.08189794922,,-0.0598781404599,-0.298855918278,0.475590024127,0.825175058612
1651014524035662914,,196,,1651014524,15790027,"""atracsys""",,,0.405997253418,0.0192548160553,1.08189624023,,-0.0598499927416,-0.298918830303,0.475556308117,0.825173744777
1651014524071041878,,197,,1651014524,54642506,"""atracsys""",,,0.406029785156,0.0192506961823,1.08190270996,,-0.0598259512118,-0.298990897967,0.475508687857,0.825176821213
1651014524101508082,,198,,1651014524,84522815,"""atracsys""",,,0.406047332764,0.0192602729797,1.08192028809,,-0.059838170269,-0.2989856148,0.475519091999,0.825171854019
1651014524131752089,,199,,1651014524,114326017,"""atracsys""",,,0.406053375244,0.0192533664703,1.0819329834,,-0.0598413837401,-0.299051080788,0.475474884162,0.82517337233
1651014524165072648,,200,,1651014524,144198547,"""atracsys""",,,0.406053222656,0.0192599945068,1.08192834473,,-0.0597990016521,-0.299043065819,0.475488948446,0.825171245314
1651014524198133734,,201,,1651014524,185961206,"""atracsys""",,,0.406030609131,0.0192687511444,1.08192297363,,-0.0598553597217,-0.298976087599,0.475525228446,0.825170523025
1651014524231488010,,202,,1651014524,215800329,"""atracsys""",,,0.406011535645,0.0192505054474,1.08192163086,,-0.0598498132174,-0.298987905997,0.475525228253,0.825166643303
1651014524265092135,,203,,1651014524,245605747,"""atracsys""",,,0.405989349365,0.0192674465179,1.08191833496,,-0.0598461157275,-0.298816813769,0.475595234207,0.825188540541
1651014524298856026,,204,,1651014524,287502851,"""atracsys""",,,0.405969421387,0.019253112793,1.08190625,,-0.0598664074721,-0.29884745179,0.475579863442,0.825184832206
1651014524337188582,,205,,1651014524,317290053,"""atracsys""",,,0.405967254639,0.0192635345459,1.08190246582,,-0.0599031834306,-0.298772361853,0.475605825834,0.825194390941
1651014524370158433,,206,,1651014524,347161914,"""atracsys""",,,0.40597253418,0.0192673416138,1.08190283203,,-0.0599002715966,-0.298715014151,0.475626991242,0.825203164672
1651014524401868458,,207,,1651014524,385957657,"""atracsys""",,,0.405986785889,0.01924949646,1.08189855957,,-0.0598730641938,-0.298759723378,0.475615302209,0.825195690837
1651014524434114919,,208,,1651014524,415784875,"""atracsys""",,,0.406004089355,0.019264629364,1.08191235352,,-0.0599197439596,-0.298771571871,0.475609868505,0.825191144588
1651014524462882503,,209,,1651014524,448663103,"""atracsys""",,,0.406025695801,0.019243396759,1.08193139648,,-0.0597948481059,-0.298797684173,0.475576155552,0.825210179496
1651014524497481671,,210,,1651014524,478513572,"""atracsys""",,,0.406040222168,0.0192379646301,1.08194519043,,-0.0597959374166,-0.298852232536,0.475550850003,0.825204930934
1651014524530399758,,211,,1651014524,517289981,"""atracsys""",,,0.406041534424,0.0192440795898,1.08194177246,,-0.0598608446512,-0.298909492533,0.475547373935,0.825181488943
1651014524563430564,,212,,1651014524,547184625,"""atracsys""",,,0.406035003662,0.0192333393097,1.08193640137,,-0.0598925173106,-0.298944016568,0.475538942482,0.825171543081
1651014524596367561,,213,,1651014524,577020736,"""atracsys""",,,0.406025939941,0.0192567214966,1.0819230957,,-0.0599686342366,-0.298937849172,0.475537658177,0.825168989296
1651014524628441621,,214,,1651014524,618809223,"""atracsys""",,,0.405999298096,0.0192356510162,1.08190283203,,-0.0599760785817,-0.298926002065,0.475557535272,0.8251612848
1651014524664818917,,215,,1651014524,648712735,"""atracsys""",,,0.405985992432,0.0192382564545,1.08188317871,,-0.0598920176471,-0.298931502503,0.475553492504,0.825167727678
1651014524699061170,,216,,1651014524,687501523,"""atracsys""",,,0.405976287842,0.0192518901825,1.08188793945,,-0.0598632679388,-0.298837452981,0.475581863074,0.825187528604
1651014524731162208,,217,,1651014524,720281003,"""atracsys""",,,0.405975769043,0.0192398929596,1.08188818359,,-0.0598395300469,-0.298911537234,0.475555778818,0.825177450483
1651014524763134717,,218,,1651014524,750267227,"""atracsys""",,,0.405983032227,0.0192623291016,1.08188757324,,-0.0599127147876,-0.298938897013,0.475552537127,0.825164096948
1651014524795058627,,219,,1651014524,780041095,"""atracsys""",,,0.40599822998,0.0192483272552,1.08187792969,,-0.0598182711867,-0.298899240822,0.47556008985,0.825180961493
1651014524830992585,,220,,1651014524,818795201,"""atracsys""",,,0.406014984131,0.0192539901733,1.08188146973,,-0.059794135067,-0.298849936796,0.47556904711,0.825195406022
1651014524864055730,,221,,1651014524,848660589,"""atracsys""",,,0.406032012939,0.0192640743256,1.08188354492,,-0.0597675890756,-0.29880774415,0.475582971061,0.825204583705
1651014524897425431,,222,,1651014524,881547994,"""atracsys""",,,0.406042907715,0.0192414531708,1.08189428711,,-0.0597452430494,-0.298827512841,0.475563919452,0.825210022975
1651014524929381830,,223,,1651014524,911379745,"""atracsys""",,,0.406047149658,0.0192708110809,1.08187866211,,-0.0597705079839,-0.298765950271,0.475596467044,0.825211726691
1651014524965460389,,224,,1651014524,950185131,"""atracsys""",,,0.406033996582,0.0192574577332,1.08188977051,,-0.0596821449253,-0.298860230138,0.475558430642,0.825205903678
1651014524998090637,,225,,1651014524,979981870,"""atracsys""",,,0.40601965332,0.0192545509338,1.08189001465,,-0.0596805656381,-0.298812470832,0.475585400652,0.82520777023
1651014525036418398,,226,,1651014525,21785824,"""atracsys""",,,0.405989807129,0.0192560462952,1.08188842773,,-0.0596267972747,-0.298863042489,0.475559344762,0.82520835944
1651014525069153610,,227,,1651014525,51845113,"""atracsys""",,,0.405973083496,0.0192347183228,1.08190551758,,-0.0597119297615,-0.298880835054,0.475570261934,0.825189467847
1651014525099538883,,228,,1651014525,81540184,"""atracsys""",,,0.405963165283,0.0192535209656,1.08192529297,,-0.0595789770982,-0.298857012371,0.475580629831,0.825201730593
1651014525131714058,,229,,1651014525,120357410,"""atracsys""",,,0.40595916748,0.0192280960083,1.08194592285,,-0.0595972264267,-0.298937558414,0.475545870333,0.825191269937
1651014525163364902,,230,,1651014525,153205679,"""atracsys""",,,0.405967590332,0.0192223491669,1.0819543457,,-0.0595528581565,-0.298856443955,0.475569850959,0.82521003378
1651014525195423431,,231,,1651014525,182977591,"""atracsys""",,,0.405979522705,0.0192339229584,1.081953125,,-0.0595890261054,-0.29889280028,0.475546996191,0.82520742624
1651014525230422389,,232,,1651014525,212831358,"""atracsys""",,,0.406002380371,0.0192306308746,1.08195141602,,-0.0595863490789,-0.298877244596,0.475558407437,0.825206677616
1651014525261951382,,233,,1651014525,251822371,"""atracsys""",,,0.406028503418,0.0192495002747,1.08193225098,,-0.0596028966384,-0.298927297316,0.475530360225,0.825203515586
1651014525298288862,,234,,1651014525,281471956,"""atracsys""",,,0.40604196167,0.0192448368073,1.08190771484,,-0.0596257288559,-0.298779649278,0.475586973104,0.825222712151
1651014525330639413,,235,,1651014525,311340487,"""atracsys""",,,0.406052062988,0.0192617301941,1.08189746094,,-0.0596576577682,-0.298853382152,0.475570117396,0.825203419338
1651014525362571573,,236,,1651014525,353154011,"""atracsys""",,,0.406044219971,0.0192650699615,1.08190087891,,-0.0597377534806,-0.298887309721,0.475567229051,0.825187001564
1651014525397953119,,237,,1651014525,382976345,"""atracsys""",,,0.406037109375,0.0192613239288,1.0819173584,,-0.0597654982286,-0.298885271885,0.475562798812,0.825188283883
1651014525430600398,,238,,1651014525,412844594,"""atracsys""",,,0.406024169922,0.0192718906403,1.08194714355,,-0.059763223316,-0.298947318509,0.475549321783,0.825173739553
1651014525463190798,,239,,1651014525,454737073,"""atracsys""",,,0.406005889893,0.0192392311096,1.08198608398,,-0.0596946280456,-0.298962014393,0.475528952754,0.825185118882
1651014525495555843,,240,,1651014525,484647504,"""atracsys""",,,0.405996124268,0.0192520198822,1.08199499512,,-0.0597081353737,-0.298999352284,0.475513750828,0.825179373638
1651014525532046993,,241,,1651014525,514326724,"""atracsys""",,,0.405990722656,0.0192523059845,1.08198693848,,-0.0597055220972,-0.298981419237,0.475511068436,0.825187606171
1651014525564684524,,242,,1651014525,553142163,"""atracsys""",,,0.405985687256,0.0192391452789,1.08196948242,,-0.0597749596079,-0.298943481985,0.475540713397,0.825179240338
1651014525598627096,,243,,1651014525,582953754,"""atracsys""",,,0.405987579346,0.0192628555298,1.08194213867,,-0.0597795237304,-0.298854699845,0.47557061005,0.825193838913
1651014525632190081,,244,,1651014525,615781923,"""atracsys""",,,0.405994140625,0.0192340831757,1.08193640137,,-0.0597015600545,-0.298853016971,0.475570126622,0.825200371206
1651014525664030118,,245,,1651014525,645695913,"""atracsys""",,,0.406000610352,0.0192424411774,1.08192114258,,-0.0597423295742,-0.298924026568,0.475540153197,0.825188974172
1651014525695647100,,246,,1651014525,684574560,"""atracsys""",,,0.406001190186,0.0192320098877,1.08191821289,,-0.0597722801962,-0.298939673184,0.475532679032,0.825185444303
1651014525730954698,,247,,1651014525,714353328,"""atracsys""",,,0.40600402832,0.0192250919342,1.0819263916,,-0.0598392229777,-0.298817786272,0.47558727729,0.825193274137
1651014525763089411,,248,,1651014525,744222380,"""atracsys""",,,0.406005950928,0.0192390594482,1.08191796875,,-0.0598881479525,-0.298953301175,0.475549959548,0.825162147354
1651014525798163943,,249,,1651014525,786025200,"""atracsys""",,,0.406,0.0192048549652,1.08193237305,,-0.0598269147192,-0.298857922536,0.475570363849,0.825189379137
1651014525830740907,,250,,1651014525,815891022,"""atracsys""",,,0.405998260498,0.0192194385529,1.08193566895,,-0.059665779455,-0.298815848871,0.475586379217,0.825207052278
1651014525863502962,,251,,1651014525,845737399,"""atracsys""",,,0.405997711182,0.0192228050232,1.08193066406,,-0.0598121251886,-0.298845051126,0.475580204524,0.825189441379
1651014525895452847,,252,,1651014525,887573802,"""atracsys""",,,0.405992218018,0.0192169551849,1.08191625977,,-0.0596264571126,-0.298845134718,0.475569824265,0.825208830125
1651014525931309490,,253,,1651014525,917401349,"""atracsys""",,,0.405990844727,0.0192435970306,1.08189575195,,-0.0596863218794,-0.298850392192,0.4755713593,0.825201713693
1651014525963369707,,254,,1651014525,947221793,"""atracsys""",,,0.405989074707,0.019232378006,1.08188342285,,-0.0597302959967,-0.298804428083,0.475596974298,0.825200414164
1651014525998102377,,255,,1651014525,986048231,"""atracsys""",,,0.405993560791,0.019253528595,1.08189550781,,-0.0598189309446,-0.298817467686,0.475590385745,0.825193069223
1651014526031791200,,256,,1651014526,15868905,"""atracsys""",,,0.406002410889,0.0192404232025,1.08189379883,,-0.0597801658948,-0.298830774694,0.475578559341,0.825197875516
1651014526067837667,,257,,1651014526,57605613,"""atracsys""",,,0.406012573242,0.0192453289032,1.0819152832,,-0.0597773577453,-0.298958231025,0.475530735452,0.825179473353
1651014526099185901,,258,,1651014526,87479743,"""atracsys""",,,0.406014190674,0.019244348526,1.08192602539,,-0.0597962924587,-0.298940736932,0.475534579639,0.825182223984
1651014526132559703,,259,,1651014526,117282660,"""atracsys""",,,0.406015289307,0.019241027832,1.0819263916,,-0.0598125055155,-0.29899311624,0.475516191815,0.825172667959
1651014526164569487,,260,,1651014526,147241841,"""atracsys""",,,0.406016265869,0.0192548999786,1.08191967773,,-0.0598721625884,-0.298931702022,0.475539357071,0.825177242506
1651014526196015653,,261,,1651014526,189021502,"""atracsys""",,,0.406007873535,0.0192272930145,1.08192797852,,-0.0598369665062,-0.298936091351,0.475537642741,0.825179193305
1651014526232480682,,262,,1651014526,218832459,"""atracsys""",,,0.405999359131,0.0192517776489,1.08192944336,,-0.0598968442831,-0.298946584177,0.475542753752,0.825168102394
1651014526264638516,,263,,1651014526,248685166,"""atracsys""",,,0.405994720459,0.019253408432,1.08193408203,,-0.0598138341211,-0.298877259804,0.475565873722,0.82518591152
1651014526296491356,,264,,1651014526,287482170,"""atracsys""",,,0.405986724854,0.0192284374237,1.08191491699,,-0.0597421294427,-0.298839903817,0.475574391683,0.825199726025
1651014526331042263,,265,,1651014526,317382462,"""atracsys""",,,0.405985321045,0.0192479534149,1.08192248535,,-0.05971627475,-0.298926297126,0.475541439686,0.825189296197
1651014526363974980,,266,,1651014526,350217673,"""atracsys""",,,0.405987365723,0.0192287483215,1.08192419434,,-0.0595962048448,-0.298894803005,0.475556491721,0.825200710304
1651014526399049077,,267,,1651014526,379958652,"""atracsys""",,,0.405995880127,0.0192366371155,1.08191662598,,-0.0595682716637,-0.298852956768,0.47556926765,0.825210520357
1651014526431620423,,268,,1651014526,418858547,"""atracsys""",,,0.406000305176,0.0192282485962,1.08192724609,,-0.0596218419168,-0.298832609023,0.47556978433,0.825213722609
1651014526464264886,,269,,1651014526,448704103,"""atracsys""",,,0.406003814697,0.0192135887146,1.08192785645,,-0.059734485804,-0.298872066051,0.475560653048,0.82519654908
1651014526498048701,,270,,1651014526,490467042,"""atracsys""",,,0.406006256104,0.0192293186188,1.08193823242,,-0.0597681474455,-0.298860122161,0.475562496053,0.825197375347
1651014526530581542,,271,,1651014526,520314238,"""atracsys""",,,0.406008178711,0.0192166233063,1.08192382813,,-0.0597523742355,-0.298966293088,0.475527936765,0.825179974749
1651014526566205540,,272,,1651014526,550231174,"""atracsys""",,,0.406005523682,0.0192286167145,1.08192224121,,-0.0596928241675,-0.298910225505,0.475549769478,0.825192014371
1651014526598004681,,273,,1651014526,579998994,"""atracsys""",,,0.406003326416,0.0192397480011,1.08193041992,,-0.0597455189632,-0.29893221794,0.47553664591,0.825187797073
1651014526629723356,,274,,1651014526,621814643,"""atracsys""",,,0.405996276855,0.0192313117981,1.08193786621,,-0.0597749480461,-0.29890105518,0.475556369774,0.82518558759
1651014526665133441,,275,,1651014526,651644682,"""atracsys""",,,0.405995666504,0.0192393341064,1.08194116211,,-0.0598050595095,-0.298807762059,0.475583979188,0.825201281464
1651014526696838968,,276,,1651014526,681475530,"""atracsys""",,,0.405992797852,0.0192295246124,1.08194567871,,-0.0597460953121,-0.298843039354,0.475578046858,0.825196196835
1651014526731095925,,277,,1651014526,720321256,"""atracsys""",,,0.405990509033,0.0192441940308,1.08195507813,,-0.0597106365012,-0.298934649301,0.475549351079,0.825182119307
1651014526763208053,,278,,1651014526,750405657,"""atracsys""",,,0.405993774414,0.0192509670258,1.08193432617,,-0.0597570021853,-0.298995978234,0.475534829495,0.825164911776
1651014526798949801,,279,,1651014526,780067124,"""atracsys""",,,0.405998443604,0.0192467346191,1.08193188477,,-0.0597005661528,-0.299022679267,0.475516088006,0.825170121692
1651014526832154093,,280,,1651014526,821879118,"""atracsys""",,,0.406002044678,0.0192421665192,1.08192248535,,-0.0597465427584,-0.298998878114,0.475518142422,0.825174234779
1651014526865651764,,281,,1651014526,851686608,"""atracsys""",,,0.406004089355,0.0192377586365,1.0819140625,,-0.0598181114468,-0.298998703536,0.475519651698,0.825168243254
1651014526898233079,,282,,1651014526,881520147,"""atracsys""",,,0.406008087158,0.0192619037628,1.0818894043,,-0.0598029198762,-0.298905466209,0.475549347253,0.825186010165
1651014526931633876,,283,,1651014526,923316948,"""atracsys""",,,0.406005889893,0.0192409934998,1.0818873291,,-0.0597573582602,-0.298893747551,0.475549845437,0.825193268461
1651014526963397877,,284,,1651014526,953182059,"""atracsys""",,,0.405999938965,0.0192523345947,1.08188208008,,-0.0598458320004,-0.298882070655,0.47556756334,0.825180875282
1651014526999179899,,285,,1651014526,983017390,"""atracsys""",,,0.405999664307,0.0192440433502,1.08188256836,,-0.0598152497543,-0.298766979018,0.475615809473,0.825196964321
1651014527033413690,,286,,1651014527,21861868,"""atracsys""",,,0.405999023437,0.0192389984131,1.08187548828,,-0.0597471773271,-0.298716104952,0.47561806231,0.825219014716
1651014527069647216,,287,,1651014527,51685582,"""atracsys""",,,0.405998016357,0.0192490463257,1.08188989258,,-0.0597667982142,-0.298668516081,0.475633589854,0.825225869405
1651014527099613841,,288,,1651014527,84519028,"""atracsys""",,,0.405993652344,0.0192265586853,1.0818918457,,-0.0597609763957,-0.298704808575,0.475627598087,0.825216608517
1651014527132971126,,289,,1651014527,114328070,"""atracsys""",,,0.40599420166,0.0192416667938,1.08190100098,,-0.0597551593518,-0.298730549481,0.475620628935,0.82521172863
1651014527165045133,,290,,1651014527,153216736,"""atracsys""",,,0.405993133545,0.0192392654419,1.08189587402,,-0.0598451571436,-0.29878151796,0.475598460397,0.825199531119
1651014527197128673,,291,,1651014527,182992815,"""atracsys""",,,0.405993743896,0.019224155426,1.08189868164,,-0.0599402636819,-0.2988084988,0.475598356722,0.82518291846
1651014527235403364,,292,,1651014527,212855984,"""atracsys""",,,0.405994628906,0.0192437133789,1.08191003418,,-0.0598170659581,-0.298825541296,0.475586244819,0.825192667338
1651014527269518182,,293,,1651014527,254666733,"""atracsys""",,,0.405994689941,0.0192334728241,1.08189086914,,-0.0597612374434,-0.298899844825,0.475559491833,0.825185219808
1651014527300474046,,294,,1651014527,284556948,"""atracsys""",,,0.405999725342,0.0192528686523,1.08188549805,,-0.0597715385456,-0.298943451,0.475547877694,0.825175370636
1651014527333225612,,295,,1651014527,314336066,"""atracsys""",,,0.406003631592,0.0192478103638,1.08187915039,,-0.0597755585468,-0.298903191343,0.47556062938,0.825182314758
1651014527365152548,,296,,1651014527,356120027,"""atracsys""",,,0.406006134033,0.0192417182922,1.08188769531,,-0.0598526589902,-0.298792145552,0.4755994434,0.825194572453
1651014527397478871,,297,,1651014527,386002591,"""atracsys""",,,0.40600869751,0.0192671031952,1.08188537598,,-0.0597187605473,-0.298746778965,0.475602124237,0.825219153388
1651014527432872530,,298,,1651014527,415764284,"""atracsys""",,,0.406011047363,0.0192463512421,1.08189672852,,-0.0598147180326,-0.298867261622,0.475561445958,0.825192020414
1651014527464965309,,299,,1651014527,454651794,"""atracsys""",,,0.406004547119,0.0192522754669,1.08191552734,,-0.0599089886154,-0.298840041263,0.475579162791,0.825184829441
1651014527498789084,,300,,1651014527,484489560,"""atracsys""",,,0.405993804932,0.019257270813,1.08193273926,,-0.0598141232843,-0.298809696353,0.475588092036,0.825197553762
1651014527531271557,,301,,1651014527,514301828,"""atracsys""",,,0.405967498779,0.0192550754547,1.08196582031,,-0.0598080864775,-0.298847318883,0.475599103395,0.825178020574
1651014527566258290,,302,,1651014527,556124927,"""atracsys""",,,0.405913208008,0.0192673435211,1.08201501465,,-0.0597139241174,-0.298859250067,0.475602729606,0.825178428891
1651014527598067326,,303,,1651014527,586096108,"""atracsys""",,,0.405872955322,0.0192409534454,1.08204394531,,-0.0596821994604,-0.298833718586,0.475619465071,0.825180324625
1651014527633396236,,304,,1651014527,615912133,"""atracsys""",,,0.405837280273,0.0192576808929,1.08204541016,,-0.0597104149222,-0.298874800569,0.47559552811,0.825177201319
1651014527665480738,,305,,1651014527,657632473,"""atracsys""",,,0.405796417236,0.0192644844055,1.08204748535,,-0.0597799240768,-0.298846669043,0.475614624122,0.825171350933
1651014527697614594,,306,,1651014527,687512204,"""atracsys""",,,0.405785675049,0.0192653121948,1.08202111816,,-0.0597952019247,-0.298778223776,0.475642751847,0.825178816645
1651014527732513928,,307,,1651014527,717371377,"""atracsys""",,,0.405797698975,0.0192924118042,1.08198388672,,-0.0598564183093,-0.298788799382,0.475625670421,0.825180394936
1651014527764621741,,308,,1651014527,756169082,"""atracsys""",,,0.405850219727,0.0192879581451,1.08193444824,,-0.0597998640951,-0.298858211307,0.475578336558,0.825186640455
1651014527799928398,,309,,1651014527,786037927,"""atracsys""",,,0.40591116333,0.019313873291,1.08191271973,,-0.0598132701103,-0.298826479967,0.475585205844,0.82519320136
1651014527832001270,,310,,1651014527,818849644,"""atracsys""",,,0.40598223877,0.0193149299622,1.08189099121,,-0.0599185832381,-0.298846024888,0.475565940722,0.825189585984
1651014527866967431,,311,,1651014527,848725361,"""atracsys""",,,0.406038635254,0.0192963085175,1.08187768555,,-0.0598343723588,-0.298798595566,0.475576152293,0.825206986484
1651014527898919241,,312,,1651014527,887548263,"""atracsys""",,,0.406098022461,0.0193093357086,1.08188146973,,-0.0598310650606,-0.298845600333,0.475561003865,0.825198935056
1651014527930999153,,313,,1651014527,917385905,"""atracsys""",,,0.40613192749,0.0192891731262,1.08189990234,,-0.0597760931935,-0.298870719374,0.475548011274,0.825201309231
1651014527967117328,,314,,1651014527,947236989,"""atracsys""",,,0.406150024414,0.0192574520111,1.08192028809,,-0.0597863428051,-0.298799057285,0.475554292,0.825222898337
1651014527999303121,,315,,1651014527,989058485,"""atracsys""",,,0.406136169434,0.0192400493622,1.08193139648,,-0.0596409469811,-0.298805904473,0.475530951382,0.825244389968
1651014528036264565,,316,,1651014528,18886849,"""atracsys""",,,0.406105072021,0.0192216758728,1.08193151855,,-0.0596711622774,-0.29879783491,0.475564367704,0.82522587115
1651014528068220766,,317,,1651014528,48751272,"""atracsys""",,,0.406065216064,0.0192398109436,1.08191125488,,-0.0597138441303,-0.298806863877,0.475572352246,0.825214913037
1651014528105290072,,318,,1651014528,90514056,"""atracsys""",,,0.406008636475,0.0192140731812,1.08186816406,,-0.059662567779,-0.298811688105,0.475595836043,0.825203340878
1651014528134840914,,319,,1651014528,120306938,"""atracsys""",,,0.405982421875,0.0192313423157,1.08182373047,,-0.0596370956186,-0.29872390114,0.475620016583,0.825223028968
1651014528167646669,,320,,1651014528,150288304,"""atracsys""",,,0.405976287842,0.019246389389,1.08181848145,,-0.0596840250331,-0.298787497789,0.475610426704,0.825202139073
1651014528199353704,,321,,1651014528,189022251,"""atracsys""",,,0.405989959717,0.01923853302,1.08183068848,,-0.0597065270952,-0.298828530097,0.475596177115,0.825193866032
1651014528231429373,,322,,1651014528,218929761,"""atracsys""",,,0.406020477295,0.0192606315613,1.08184008789,,-0.0598833258401,-0.298853688173,0.47557873434,0.825181996771
1651014528267123320,,323,,1651014528,249289523,"""atracsys""",,,0.406056945801,0.0192395744324,1.08186767578,,-0.0599205432189,-0.298864232404,0.475568508881,0.825181369428
1651014528299009821,,324,,1651014528,281536997,"""atracsys""",,,0.406100036621,0.0192547588348,1.0818972168,,-0.0600421923649,-0.298967266885,0.475521149884,0.825162495804
1651014528331405446,,325,,1651014528,320337867,"""atracsys""",,,0.406148193359,0.0192457275391,1.08193029785,,-0.0602067146317,-0.298912554789,0.475524557926,0.825168365191
1651014528367469336,,326,,1651014528,350232591,"""atracsys""",,,0.406156280518,0.0192378997803,1.08194360352,,-0.0599957421382,-0.2988858695,0.475533590834,0.825188191825
1651014528399551552,,327,,1651014528,380059780,"""atracsys""",,,0.406150115967,0.0192682189941,1.08194958496,,-0.0600159140868,-0.298905045773,0.475533770339,0.825179675547
1651014528431935593,,328,,1651014528,421814983,"""atracsys""",,,0.40611630249,0.0192379207611,1.08194775391,,-0.0598836769036,-0.298853050096,0.475546590272,0.825200727199
1651014528466842653,,329,,1651014528,451697290,"""atracsys""",,,0.406075805664,0.0192598342896,1.08193066406,,-0.0599232934971,-0.298881967518,0.475553249351,0.825183540444
1651014528498881010,,330,,1651014528,490477564,"""atracsys""",,,0.406018737793,0.0192432441711,1.08191748047,,-0.0597884158362,-0.298872826382,0.475583931002,0.825178952443
1651014528647807024,,331,,1651014528,642729718,"""atracsys""",,,0.406003448486,0.0192540893555,1.08195178223,,-0.0597498701042,-0.298686637179,0.475650325415,0.825210890455
1651014528660190220,,332,,1651014528,651695660,"""atracsys""",,,0.406006561279,0.0192326755524,1.08195495605,,-0.0596851967572,-0.298745832482,0.475612356106,0.825216027221
1651014528668723029,,333,,1651014528,663597751,"""atracsys""",,,0.406022064209,0.0192156295776,1.08194812012,,-0.059811477701,-0.29882271412,0.47558737227,0.825193446411
1651014528678458089,,334,,1651014528,672547451,"""atracsys""",,,0.406033691406,0.0192223968506,1.08194848633,,-0.0597507889623,-0.298742573124,0.475620324831,0.825207867649
1651014528689487349,,335,,1651014528,681689200,"""atracsys""",,,0.406038909912,0.0192221508026,1.08194238281,,-0.0597835228695,-0.298769596668,0.475605507956,0.82520425308
1651014528718085956,,336,,1651014528,693561040,"""atracsys""",,,0.406049041748,0.019223241806,1.08193359375,,-0.0598688519082,-0.298762490405,0.475599857546,0.825203896258
1651014528744124686,,337,,1651014528,723310270,"""atracsys""",,,0.406077392578,0.0192530136108,1.08190600586,,-0.0599298326311,-0.298678503116,0.475616783354,0.825220117501
1651014528776327451,,338,,1651014528,762089731,"""atracsys""",,,0.40609552002,0.0192258930206,1.08188574219,,-0.0598877055199,-0.298715101117,0.475610114052,0.825213772609
1651014528805970618,,339,,1651014528,792096672,"""atracsys""",,,0.406092498779,0.0192635688782,1.08188867188,,-0.0599623505548,-0.298777218318,0.475590371526,0.825197242386
1651014528837982111,,340,,1651014528,821829252,"""atracsys""",,,0.40608984375,0.0192545890808,1.0818626709,,-0.0599301056485,-0.298786561728,0.475589497274,0.825196705671
1651014528866910136,,341,,1651014528,854696828,"""atracsys""",,,0.406080413818,0.0192510662079,1.08186218262,,-0.0599437489097,-0.298711684796,0.475614748161,0.825208269266
1651014528900957455,,342,,1651014528,884560605,"""atracsys""",,,0.406065582275,0.0192763977051,1.08186413574,,-0.059915771959,-0.298762677635,0.475607782762,0.825195855357
1651014528932697968,,343,,1651014528,923306176,"""atracsys""",,,0.406043640137,0.01925141716,1.08188781738,,-0.0599920290766,-0.298761122013,0.47561453877,0.825186984224
1651014528966405152,,344,,1651014528,953180993,"""atracsys""",,,0.406043029785,0.0192781238556,1.08189709473,,-0.0600088840828,-0.29874186643,0.475634481497,0.825181235296
1651014529001784323,,345,,1651014528,983011866,"""atracsys""",,,0.406050628662,0.019264749527,1.08192077637,,-0.0599212066819,-0.29872798175,0.475620241952,0.825200840617
1651014529035706367,,346,,1651014529,24793062,"""atracsys""",,,0.406064056396,0.0192537822723,1.08193591309,,-0.0598639204047,-0.298751824319,0.475603769528,0.825205860928
1651014529069141974,,347,,1651014529,54642447,"""atracsys""",,,0.406072357178,0.0192757282257,1.08194946289,,-0.0598411967803,-0.29883115601,0.475570887788,0.825197735124
1651014529106547058,,348,,1651014529,93463264,"""atracsys""",,,0.406085021973,0.0192593421936,1.08192480469,,-0.0597825180515,-0.298853446654,0.475568367819,0.825195368073
1651014529135976576,,349,,1651014529,126278738,"""atracsys""",,,0.406089599609,0.0192821826935,1.08190490723,,-0.059750040073,-0.29886547531,0.475550812641,0.825203480952
1651014529168122168,,350,,1651014529,156090638,"""atracsys""",,,0.40608581543,0.019262254715,1.08190148926,,-0.0598227091334,-0.29889341719,0.47553912291,0.825194832276
1651014529200964391,,351,,1651014529,185919976,"""atracsys""",,,0.406075469971,0.0192672481537,1.0819107666,,-0.0598319941755,-0.298806420988,0.475581374927,0.825201315481
1651014529234448007,,352,,1651014529,215841153,"""atracsys""",,,0.406065643311,0.019281036377,1.08191271973,,-0.0598467467811,-0.29884130639,0.475572597828,0.825192671253
1651014529267510675,,353,,1651014529,254644980,"""atracsys""",,,0.406044189453,0.0192464141846,1.08194689941,,-0.0597834900405,-0.298838032261,0.475578183787,0.825195222902
1651014529299397089,,354,,1651014529,287467635,"""atracsys""",,,0.406018615723,0.0192614936829,1.08196569824,,-0.0597319761983,-0.298758149143,0.47560463467,0.825212633702
1651014529334185964,,355,,1651014529,317306382,"""atracsys""",,,0.406003601074,0.0192461967468,1.08197961426,,-0.0596602836724,-0.298821903749,0.47558616282,0.825205381785
1651014529365968043,,356,,1651014529,356140554,"""atracsys""",,,0.405997283936,0.0192412624359,1.08195898437,,-0.0597155531237,-0.298739987651,0.475611308648,0.825216550718
1651014529401632693,,357,,1651014529,386013011,"""atracsys""",,,0.405996429443,0.0192557525635,1.0819543457,,-0.0595492163504,-0.298785629403,0.475596488009,0.825220588138
1651014529434543116,,358,,1651014529,415845314,"""atracsys""",,,0.406003295898,0.0192502746582,1.08193969727,,-0.0596570426643,-0.298791411351,0.475607543323,0.825204334997
1651014529466819570,,359,,1651014529,457621358,"""atracsys""",,,0.406030181885,0.0192814407349,1.08192590332,,-0.0597642999151,-0.298824054752,0.475592521982,0.825193411142
1651014529499423112,,360,,1651014529,487519212,"""atracsys""",,,0.40605657959,0.0192643451691,1.08189880371,,-0.0597553045009,-0.298842540958,0.475564866029,0.825203306766
1651014529534203108,,361,,1651014529,517359077,"""atracsys""",,,0.406078216553,0.0192687530518,1.08190283203,,-0.0596746161137,-0.298844026162,0.475546082889,0.825219432193
1651014529566192864,,362,,1651014529,559124353,"""atracsys""",,,0.406090698242,0.0192838554382,1.0819029541,,-0.0596312831442,-0.298810380228,0.475562884805,0.825225065867
1651014529601136839,,363,,1651014529,589159819,"""atracsys""",,,0.406095916748,0.0192669696808,1.08189489746,,-0.0596769047664,-0.298801350351,0.475582544913,0.825213707496
1651014529633384553,,364,,1651014529,618868327,"""atracsys""",,,0.406096191406,0.0192811813354,1.08191088867,,-0.0596615594977,-0.298750739737,0.475588077583,0.825229952369
1651014529668210833,,365,,1651014529,657625595,"""atracsys""",,,0.406082214355,0.019250333786,1.08193908691,,-0.0596853685267,-0.298733425557,0.475586472249,0.825235423775
1651014529701982841,,366,,1651014529,687470551,"""atracsys""",,,0.406062103271,0.0192591743469,1.0819296875,,-0.0597137865107,-0.298739903086,0.475609493876,0.825217755105
1651014529735588938,,367,,1651014529,717357548,"""atracsys""",,,0.40604296875,0.0192818336487,1.08191430664,,-0.0597432511938,-0.298691847065,0.475637171884,0.825217065478
1651014529767447715,,368,,1651014529,759122093,"""atracsys""",,,0.406022888184,0.0192441482544,1.08189257812,,-0.059801856108,-0.298761056364,0.475612455023,0.825202012742
1651014529799915035,,369,,1651014529,789053101,"""atracsys""",,,0.406015655518,0.0192661304474,1.08188317871,,-0.0597901378928,-0.298692287481,0.475645170937,0.825208899718
1651014529835615397,,370,,1651014529,818853749,"""atracsys""",,,0.406016448975,0.0192623214722,1.0818638916,,-0.0597400631447,-0.298632691998,0.475659416963,0.825225883731
1651014529868915808,,371,,1651014529,848682569,"""atracsys""",,,0.406027618408,0.0192473182678,1.08187072754,,-0.059814320428,-0.298746149468,0.475623302059,0.825200254355
1651014529902250872,,372,,1651014529,890504702,"""atracsys""",,,0.406051727295,0.0192642536163,1.08189233398,,-0.0598897457523,-0.298797279001,0.475597519828,0.825191131526
1651014529934956223,,373,,1651014529,920297637,"""atracsys""",,,0.406066345215,0.019229095459,1.08190673828,,-0.0598554902831,-0.298841748366,0.475571307644,0.825192620581
1651014529966859004,,374,,1651014529,950271837,"""atracsys""",,,0.406078735352,0.0192551422119,1.08190478516,,-0.0598669181009,-0.298879467843,0.475555480968,0.825187251683
1651014530001491969,,375,,1651014529,988978783,"""atracsys""",,,0.406077087402,0.0192415275574,1.08191040039,,-0.0599501556022,-0.298882510812,0.475561312802,0.825176745516
1651014530035599554,,376,,1651014530,21826808,"""atracsys""",,,0.406071716309,0.0192318840027,1.08190661621,,-0.0598471995126,-0.298874403523,0.475570453437,0.825181887493
1651014530072090157,,377,,1651014530,60609429,"""atracsys""",,,0.406060089111,0.0192518863678,1.08190759277,,-0.0598837181424,-0.298903956509,0.475542661646,0.825184550291
1651014530102277721,,378,,1651014530,90488085,"""atracsys""",,,0.406044952393,0.0192383823395,1.08189343262,,-0.0598431144939,-0.298894528876,0.475553260305,0.825184802859
1651014530136082872,,379,,1651014530,120386246,"""atracsys""",,,0.406031524658,0.0192708110809,1.08188708496,,-0.0597364204147,-0.298829316639,0.475578257275,0.825201745514
1651014530167447848,,380,,1651014530,150280629,"""atracsys""",,,0.406024536133,0.0192630138397,1.08188879395,,-0.0598509595916,-0.298888765221,0.47556462641,0.825179771182
1651014530200317241,,381,,1651014530,191988554,"""atracsys""",,,0.406022644043,0.0192520999908,1.08188427734,,-0.0598832778275,-0.298898207037,0.475569906505,0.825170963433
1651014530236116753,,382,,1651014530,221892182,"""atracsys""",,,0.406030853271,0.0192772846222,1.08188244629,,-0.0599335490065,-0.298841643313,0.475573923484,0.825185485347
1651014530268268929,,383,,1651014530,251728742,"""atracsys""",,,0.406041320801,0.0192459106445,1.08190075684,,-0.0598350531478,-0.298855343566,0.475570734348,0.825189509548
1651014530300034059,,384,,1651014530,293592970,"""atracsys""",,,0.406059234619,0.0192617931366,1.08191638184,,-0.0599106388182,-0.298869077846,0.475558943738,0.825185846155
1651014530336031823,,385,,1651014530,323337126,"""atracsys""",,,0.406066436768,0.0192433280945,1.08191931152,,-0.0598547064189,-0.298840758248,0.47555930538,0.825199952978
1651014530368919162,,386,,1651014530,353209247,"""atracsys""",,,0.406072418213,0.0192528266907,1.08190270996,,-0.0598186739985,-0.298886604279,0.475543734227,0.825194935067
1651014530400795471,,387,,1651014530,391993462,"""atracsys""",,,0.406066558838,0.0192672653198,1.08189770508,,-0.0598065088069,-0.298861487472,0.475561385654,0.825194741431
1651014530434624994,,388,,1651014530,421809268,"""atracsys""",,,0.40605645752,0.019235918045,1.08188952637,,-0.0598151623323,-0.29870921704,0.475619546061,0.825215727804
1651014530469547624,,389,,1651014530,451679737,"""atracsys""",,,0.406049102783,0.0192689476013,1.08188562012,,-0.0598754977571,-0.298818566254,0.47558873411,0.825189520788
1651014530501622329,,390,,1651014530,484549762,"""atracsys""",,,0.406037963867,0.0192547187805,1.08188098145,,-0.0599075568532,-0.298866439601,0.475570415745,0.825180413958
1651014530533738886,,391,,1651014530,523307368,"""atracsys""",,,0.406026824951,0.0192554302216,1.08189160156,,-0.0598756394663,-0.298842638601,0.475569742487,0.825191738436
1651014530569585590,,392,,1651014530,553196857,"""atracsys""",,,0.406018768311,0.0192639274597,1.0818984375,,-0.0598463215292,-0.298837930139,0.475572901809,0.825193749597
1651014530601494214,,393,,1651014530,583077555,"""atracsys""",,,0.406024169922,0.0192367992401,1.08189465332,,-0.0597674950741,-0.298862896055,0.475558905689,0.825198487102
1651014530634370197,,394,,1651014530,624793131,"""atracsys""",,,0.406037841797,0.019267906189,1.08189575195,,-0.0598456318965,-0.298858143227,0.475556234185,0.825196084999
1651014530669472346,,395,,1651014530,654664443,"""atracsys""",,,0.4060496521,0.0192366008759,1.08190136719,,-0.0598444764069,-0.298821032902,0.475573314522,0.825199764574
1651014530702064431,,396,,1651014530,684503446,"""atracsys""",,,0.406058502197,0.0192573184967,1.08189819336,,-0.0598073743308,-0.298780956946,0.475588058587,0.825208468371
1651014530734058036,,397,,1651014530,723329050,"""atracsys""",,,0.406073272705,0.0192665348053,1.08188818359,,-0.0597796793777,-0.298817924538,0.475556251246,0.825215420244
1651014530769215087,,398,,1651014530,756202284,"""atracsys""",,,0.406075622559,0.0192528133392,1.08187768555,,-0.0598029035471,-0.298861520133,0.475550533723,0.82520124478
1651014530800776409,,399,,1651014530,786008574,"""atracsys""",,,0.406071166992,0.0192815036774,1.08187084961,,-0.059896407035,-0.298845469406,0.475556627034,0.825196764611
1651014530835643034,,400,,1651014530,824801416,"""atracsys""",,,0.406056884766,0.0192431812286,1.08187438965,,-0.0599241962853,-0.298931618765,0.475537910353,0.825174329351
1651014530867261289,,401,,1651014530,854701076,"""atracsys""",,,0.406045593262,0.0192727470398,1.08189135742,,-0.0599349083809,-0.2989402462,0.475539415069,0.825169558742
1651014530902580108,,402,,1651014530,884536696,"""atracsys""",,,0.406036102295,0.0192755737305,1.08190283203,,-0.0598520536671,-0.298918821406,0.475546704681,0.825179133006
1651014530934078339,,403,,1651014530,926343828,"""atracsys""",,,0.406024230957,0.0192416400909,1.08191540527,,-0.0599053091704,-0.2989042745,0.475556112538,0.825175116231
1651014530969301314,,404,,1651014530,956151430,"""atracsys""",,,0.406019104004,0.0192681045532,1.08190991211,,-0.05980959084,-0.298837166203,0.47557540772,0.825195245085
1651014531001846041,,405,,1651014530,986046036,"""atracsys""",,,0.40601864624,0.019241186142,1.0819128418,,-0.0597449057529,-0.298852761256,0.475573349722,0.825195469183
1651014531040160268,,406,,1651014531,24832125,"""atracsys""",,,0.4060262146,0.019257932663,1.08190808105,,-0.0598033455951,-0.298845964281,0.475576321152,0.825191985085
1651014531074567515,,407,,1651014531,57625482,"""atracsys""",,,0.406033996582,0.0192421474457,1.08189868164,,-0.059830822541,-0.298889119726,0.475540954168,0.825194745313
1651014531105320431,,408,,1651014531,87457725,"""atracsys""",,,0.406038482666,0.0192256469727,1.08188122559,,-0.0596251175696,-0.298843530798,0.475556197572,0.825217360703
1651014531135373402,,409,,1651014531,126340540,"""atracsys""",,,0.406046783447,0.0192617740631,1.08188525391,,-0.0597206834573,-0.298888386392,0.475553918877,0.825195517855
1651014531168528711,,410,,1651014531,156142451,"""atracsys""",,,0.406051147461,0.0192323360443,1.08188671875,,-0.0598363533753,-0.298915179805,0.475550795978,0.82517923298
1651014531201825840,,411,,1651014531,185989151,"""atracsys""",,,0.40605355835,0.0192371444702,1.08188439941,,-0.0598015977177,-0.298896684771,0.47554446137,0.825192102485
1651014531237076326,,412,,1651014531,218846765,"""atracsys""",,,0.406049438477,0.0192512359619,1.08189624023,,-0.0598043736464,-0.298903259539,0.475545890347,0.825188696301
1651014531268459346,,413,,1651014531,257613574,"""atracsys""",,,0.40604309082,0.0192277145386,1.08190808105,,-0.0598292454861,-0.298899739542,0.475558280443,0.825181028011
1651014531301950337,,414,,1651014531,287484336,"""atracsys""",,,0.406040405273,0.0192540588379,1.0819185791,,-0.0597298973675,-0.298853416544,0.47556915008,0.825198738652
1651014531336499195,,415,,1651014531,317326814,"""atracsys""",,,0.406035583496,0.0192343101501,1.08191650391,,-0.059762465146,-0.298873397168,0.475562349184,0.82519306363
1651014531368098385,,416,,1651014531,359121461,"""atracsys""",,,0.406030426025,0.0192473182678,1.08190722656,,-0.0597233107786,-0.298917234272,0.475540475483,0.825192625623
1651014531402162497,,417,,1651014531,389116947,"""atracsys""",,,0.406026062012,0.0192572898865,1.08189465332,,-0.0597862862221,-0.298943638386,0.47553991482,0.825178823323
1651014531436141384,,418,,1651014531,418885355,"""atracsys""",,,0.406024291992,0.0192429199219,1.08191552734,,-0.0597215772041,-0.29892600882,0.475549103279,0.825184600461
1651014531467938049,,419,,1651014531,457648121,"""atracsys""",,,0.406021636963,0.0192552318573,1.08193737793,,-0.0597056492889,-0.298947198782,0.475547547841,0.825178973027
1651014531503133855,,420,,1651014531,490596290,"""atracsys""",,,0.406018615723,0.0192380599976,1.08194519043,,-0.0597730788041,-0.298894602861,0.475565766729,0.825182644599
1651014531534854872,,421,,1651014531,520403795,"""atracsys""",,,0.406015136719,0.0192593593597,1.08193591309,,-0.0597599152126,-0.298784647001,0.475597892215,0.825204903143
1651014531570024510,,422,,1651014531,559127859,"""atracsys""",,,0.406016418457,0.0192481975555,1.08191845703,,-0.0598534142323,-0.298833135415,0.47558474783,0.825188144373
1651014531601986471,,423,,1651014531,589030272,"""atracsys""",,,0.406016174316,0.0192457695007,1.08191381836,,-0.0598274487509,-0.298916914292,0.475568403475,0.825169102877
1651014531636456961,,424,,1651014531,618840086,"""atracsys""",,,0.406027801514,0.01926496315,1.08190600586,,-0.0599445685082,-0.298889204297,0.475584602887,0.825161304084
1651014531670288824,,425,,1651014531,651697308,"""atracsys""",,,0.406043365479,0.0192490539551,1.0819050293,,-0.059850130682,-0.298844752955,0.475576450277,0.825188957409
1651014531702250135,,426,,1651014531,690515735,"""atracsys""",,,0.406057159424,0.0192591629028,1.08190625,,-0.0598710575019,-0.298844020905,0.47558249817,0.825184218873
1651014531735177425,,427,,1651014531,720345458,"""atracsys""",,,0.406055938721,0.0192472724915,1.08190588379,,-0.0599150768813,-0.298816350828,0.475590442169,0.825186465811
1651014531770310516,,428,,1651014531,750335255,"""atracsys""",,,0.406054748535,0.0192519207001,1.08190039062,,-0.0598861428172,-0.29893340695,0.475548562767,0.825170305184
1651014531802524863,,429,,1651014531,792060485,"""atracsys""",,,0.406048217773,0.0192486095428,1.08190100098,,-0.0598828729289,-0.298865428547,0.475580794634,0.825176590146
1651014531835869232,,430,,1651014531,821809709,"""atracsys""",,,0.406042236328,0.0192254581451,1.08189123535,,-0.059792901877,-0.298900525254,0.475561049742,0.825181781704
1651014531870173645,,431,,1651014531,851655875,"""atracsys""",,,0.406033050537,0.0192459049225,1.08190673828,,-0.0596901318798,-0.298960227143,0.475528253935,0.825186494347
1651014531901818933,,432,,1651014531,890500966,"""atracsys""",,,0.406026092529,0.0192289581299,1.08190527344,,-0.0595850452299,-0.298971263232,0.475540414096,0.825183083144
1651014531937519464,,433,,1651014531,920325849,"""atracsys""",,,0.406026123047,0.0192433567047,1.08187145996,,-0.0595980108112,-0.298926958746,0.475540833252,0.825197955858
1651014531969712382,,434,,1651014531,953203972,"""atracsys""",,,0.406026306152,0.0192482185364,1.08184680176,,-0.0596021753575,-0.298845713327,0.475573082042,0.825208497263
1651014532001996555,,435,,1651014531,991982828,"""atracsys""",,,0.406031341553,0.0192429466248,1.0818338623,,-0.0597056370782,-0.298896827101,0.475558639987,0.825190828587
1651014532039974879,,436,,1651014532,21833450,"""atracsys""",,,0.406037597656,0.0192689285278,1.08183569336,,-0.0597345256181,-0.298713090033,0.475629549166,0.825214401384
1651014532073640684,,437,,1651014532,63676424,"""atracsys""",,,0.406057250977,0.0192526607513,1.0818503418,,-0.0598147981336,-0.298735845631,0.47562062331,0.825205493887
1651014532104291529,,438,,1651014532,93536448,"""atracsys""",,,0.406060699463,0.0192589664459,1.08187390137,,-0.0598479307867,-0.298655467905,0.475629602845,0.825227009718
1651014532136082960,,439,,1651014532,123333398,"""atracsys""",,,0.406057250977,0.0192522602081,1.08189306641,,-0.0598867296079,-0.29869018617,0.475627384783,0.825212907768
1651014532169091684,,440,,1651014532,153188080,"""atracsys""",,,0.4060519104,0.0192534179687,1.08189953613,,-0.0598643400979,-0.298719141057,0.475620588372,0.825207968616
1651014532203988412,,441,,1651014532,191981600,"""atracsys""",,,0.406043487549,0.019264509201,1.08188903809,,-0.0598358608613,-0.298690905143,0.475625730277,0.825217291165
1651014532237902567,,442,,1651014532,224776402,"""atracsys""",,,0.406033752441,0.0192402839661,1.0818807373,,-0.0598054979617,-0.298772193195,0.475595922263,0.825207245311
1651014532270429934,,443,,1651014532,254693634,"""atracsys""",,,0.406026855469,0.0192556915283,1.08188684082,,-0.0598156216797,-0.298775124683,0.475601396142,0.825202295357
1651014532302325323,,444,,1651014532,293454400,"""atracsys""",,,0.406028137207,0.0192557830811,1.08188623047,,-0.059770981326,-0.298808760454,0.475586355327,0.825202019565
1651014532336155268,,445,,1651014532,323314792,"""atracsys""",,,0.406029907227,0.0192538108826,1.08188378906,,-0.0597818846927,-0.298841323203,0.475576464289,0.82519513839
1651014532371637939,,446,,1651014532,353196498,"""atracsys""",,,0.406034179687,0.0192595653534,1.08188427734,,-0.0598308418702,-0.298767408807,0.475597022909,0.825206506031
1651014532410797844,,447,,1651014532,394988911,"""atracsys""",,,0.406084655762,0.0192240467072,1.08182861328,,-0.0599364913981,-0.298907016592,0.475566310161,0.825165981528
1651014532441805373,,448,,1651014532,424789070,"""atracsys""",,,0.40605758667,0.0192378292084,1.08169726563,,-0.05995692093,-0.298824717512,0.475653523909,0.825144036535
1651014532472788106,,449,,1651014532,454687772,"""atracsys""",,,0.406088745117,0.0191982250214,1.08166455078,,-0.0598918235306,-0.298765698451,0.475623390305,0.825187504449
1651014532504591688,,450,,1651014532,484547340,"""atracsys""",,,0.406135894775,0.0191766605377,1.08173364258,,-0.0598221092594,-0.298788103838,0.475579900851,0.825209514096
1651014532537705560,,451,,1651014532,526304522,"""atracsys""",,,0.406155670166,0.0191172275543,1.08182897949,,-0.0598514733465,-0.298825991341,0.475527414679,0.825223912599
1651014532569324701,,452,,1651014532,556173551,"""atracsys""",,,0.406139556885,0.0190842437744,1.08185803223,,-0.0598509908228,-0.29885185076,0.475546442914,0.825203617798
1651014532603431248,,453,,1651014532,586065269,"""atracsys""",,,0.406112365723,0.0190722560883,1.08186987305,,-0.0599030689069,-0.298841198654,0.475572362675,0.825188759122
1651014532638213049,,454,,1651014532,624858233,"""atracsys""",,,0.406052398682,0.0190793132782,1.08184875488,,-0.0598541651991,-0.298862347065,0.475583205153,0.825178399736
1651014532670754056,,455,,1651014532,654697636,"""atracsys""",,,0.406020263672,0.0190883102417,1.08181970215,,-0.0598557537756,-0.298941276444,0.475571412293,0.825156490484
1651014532703308330,,456,,1651014532,684576883,"""atracsys""",,,0.405991607666,0.019117105484,1.08182897949,,-0.059815659458,-0.298861033233,0.475604921685,0.825169151246
1651014532736359244,,457,,1651014532,726333510,"""atracsys""",,,0.405987213135,0.0191476345062,1.08189208984,,-0.0598041909575,-0.298938960959,0.475558551901,0.825168479814
1651014532771608158,,458,,1651014532,756206074,"""atracsys""",,,0.405994171143,0.0191886348724,1.08188964844,,-0.0597911927033,-0.299028670498,0.475496854133,0.825172472399
1651014532804232739,,459,,1651014532,786099039,"""atracsys""",,,0.405999633789,0.0192274398804,1.08182275391,,-0.0598225668273,-0.298883483744,0.475566849779,0.825182461662
1651014532837748982,,460,,1651014532,827848220,"""atracsys""",,,0.40601763916,0.019256313324,1.08176940918,,-0.0598550745995,-0.298819435107,0.475617118214,0.825174328314
1651014532869992413,,461,,1651014532,857668860,"""atracsys""",,,0.406030822754,0.0192762527466,1.08182434082,,-0.059833394342,-0.298873494402,0.475585848416,0.825174345246
1651014532904086833,,462,,1651014532,887547735,"""atracsys""",,,0.406064361572,0.0192802124023,1.08191870117,,-0.0597766513269,-0.29898035979,0.475521590047,0.825176777312
1651014532938433551,,463,,1651014532,926305009,"""atracsys""",,,0.40609387207,0.0192752475739,1.08200280762,,-0.0597186134131,-0.299007415713,0.475480709273,0.825194733181
1651014532970709918,,464,,1651014532,956150422,"""atracsys""",,,0.406092254639,0.0192575035095,1.08203967285,,-0.0596793416978,-0.29898396156,0.475470921319,0.825211712159
1651014533003448124,,465,,1651014532,989071312,"""atracsys""",,,0.406066619873,0.0192660312653,1.0820168457,,-0.0598005387177,-0.29902541988,0.475497637823,0.825172521513
1651014533040955768,,466,,1651014533,27758071,"""atracsys""",,,0.406021972656,0.0192684707642,1.08191638184,,-0.0597586107467,-0.29897988644,0.475548269704,0.825162880362
1651014533072110247,,467,,1651014533,57601060,"""atracsys""",,,0.405998352051,0.0192700080872,1.08184912109,,-0.0598420497333,-0.298891685657,0.475586189249,0.825166932156
1651014533107874696,,468,,1651014533,87480103,"""atracsys""",,,0.405985626221,0.0192772006989,1.08182702637,,-0.0599352200783,-0.298880232842,0.475597058731,0.82515805367
1651014533151523308,,469,,1651014533,129363128,"""atracsys""",,,0.405992370605,0.0192520828247,1.08186669922,,-0.0598366641144,-0.298861587883,0.475587639447,0.825177388275
1651014533179099272,,470,,1651014533,159150662,"""atracsys""",,,0.406001983643,0.0192520160675,1.08187353516,,-0.0597377143177,-0.298923748279,0.47554046726,0.825189228117
1651014533216201131,,471,,1651014533,197974772,"""atracsys""",,,0.406017303467,0.0192258224487,1.08187573242,,-0.0597896003131,-0.2989361689,0.475555787059,0.825172142048
1651014533245749237,,472,,1651014533,227907029,"""atracsys""",,,0.406016479492,0.0192170505524,1.08190380859,,-0.0597924019656,-0.298929743857,0.475577244987,0.825161899845
1651014533281451508,,473,,1651014533,260648847,"""atracsys""",,,0.40600189209,0.0192241287231,1.08200488281,,-0.0596382935136,-0.298922880862,0.475592317039,0.825166851745
1651014533314996279,,474,,1651014533,290509155,"""atracsys""",,,0.405980316162,0.0191915340424,1.08209326172,,-0.0596187912501,-0.298931692619,0.475581423368,0.825171347434
1651014533345818911,,475,,1651014533,329287709,"""atracsys""",,,0.405948486328,0.0191990032196,1.08215856934,,-0.0597296695747,-0.298913936548,0.475561284677,0.825181367716
1651014533379535619,,476,,1651014533,359148839,"""atracsys""",,,0.405918395996,0.0191918144226,1.08211804199,,-0.0597658770625,-0.298796746345,0.475588851478,0.825205300917
1651014533416486693,,477,,1651014533,389026013,"""atracsys""",,,0.405881835937,0.0192051563263,1.08201098633,,-0.0597505818934,-0.298813962809,0.475600298331,0.825193577182
1651014533447675675,,478,,1651014533,421826813,"""atracsys""",,,0.40584777832,0.0192817592621,1.08188452148,,-0.0597935935345,-0.298776817805,0.475646601276,0.825177223395
1651014533478815969,,479,,1651014533,460633247,"""atracsys""",,,0.405853302002,0.0192964859009,1.08178796387,,-0.0598081847307,-0.29880414662,0.475647466821,0.825165771411
1651014533510412393,,480,,1651014533,490479603,"""atracsys""",,,0.405897064209,0.0193222923279,1.081796875,,-0.0597630104096,-0.298780950027,0.47561567408,0.825195768928
1651014533545478631,,481,,1651014533,532323662,"""atracsys""",,,0.405985412598,0.0193075637817,1.08187731934,,-0.0597437873659,-0.298769279601,0.475563513467,0.825231447593
1651014533580396480,,482,,1651014533,562166412,"""atracsys""",,,0.406024475098,0.0192911701202,1.08191040039,,-0.0597916472296,-0.298840779444,0.47552199952,0.825226014759
1651014533611025747,,483,,1651014533,592058717,"""atracsys""",,,0.40604208374,0.0192930488586,1.0819263916,,-0.0598771415496,-0.298816923792,0.475571446387,0.82519995962
1651014533643506673,,484,,1651014533,621845560,"""atracsys""",,,0.406046325684,0.0192418651581,1.08193395996,,-0.0598220115112,-0.298777710966,0.475604326069,0.825199207097
